idvideo,idcurso,url,leccion
0,1,https://www.youtube.com/watch?v=G2FCfQj-9ig&list=PLU8oAlHdN5BlvPxziopYZRd55pdqFwkeS&index=1,1
1,1,https://www.youtube.com/watch?v=G2FCfQj-9ig&list=PLU8oAlHdN5BlvPxziopYZRd55pdqFwkeS&index=2,2
2,1,https://www.youtube.com/watch?v=G2FCfQj-9ig&list=PLU8oAlHdN5BlvPxziopYZRd55pdqFwkeS&index=3,3
3,1,https://www.youtube.com/watch?v=G2FCfQj-9ig&list=PLU8oAlHdN5BlvPxziopYZRd55pdqFwkeS&index=4,4
4,1,https://www.youtube.com/watch?v=G2FCfQj-9ig&list=PLU8oAlHdN5BlvPxziopYZRd55pdqFwkeS&index=5,1
5,2,https://www.youtube.com/watch?v=G2FCfQj-9ig&list=PLU8oAlHdN5BlvPxziopYZRd55pdqFwkeS&index=6,2
6,2,https://www.youtube.com/watch?v=G2FCfQj-9ig&list=PLU8oAlHdN5BlvPxziopYZRd55pdqFwkeS&index=7,3
7,2,https://www.youtube.com/watch?v=G2FCfQj-9ig&list=PLU8oAlHdN5BlvPxziopYZRd55pdqFwkeS&index=8,4
8,2,https://www.youtube.com/watch?v=G2FCfQj-9ig&list=PLU8oAlHdN5BlvPxziopYZRd55pdqFwkeS&index=9,1
9,2,https://www.youtube.com/watch?v=G2FCfQj-9ig&list=PLU8oAlHdN5BlvPxziopYZRd55pdqFwkeS&index=10,2
10,3,https://www.youtube.com/watch?v=G2FCfQj-9ig&list=PLU8oAlHdN5BlvPxziopYZRd55pdqFwkeS&index=1,3
11,3,https://www.youtube.com/watch?v=G2FCfQj-9ig&list=PLU8oAlHdN5BlvPxziopYZRd55pdqFwkeS&index=2,4
12,3,https://www.youtube.com/watch?v=G2FCfQj-9ig&list=PLU8oAlHdN5BlvPxziopYZRd55pdqFwkeS&index=3,1
13,3,https://www.youtube.com/watch?v=G2FCfQj-9ig&list=PLU8oAlHdN5BlvPxziopYZRd55pdqFwkeS&index=4,2
14,3,https://www.youtube.com/watch?v=G2FCfQj-9ig&list=PLU8oAlHdN5BlvPxziopYZRd55pdqFwkeS&index=5,3
15,4,https://www.youtube.com/watch?v=G2FCfQj-9ig&list=PLU8oAlHdN5BlvPxziopYZRd55pdqFwkeS&index=6,4
16,4,https://www.youtube.com/watch?v=G2FCfQj-9ig&list=PLU8oAlHdN5BlvPxziopYZRd55pdqFwkeS&index=7,1
17,4,https://www.youtube.com/watch?v=G2FCfQj-9ig&list=PLU8oAlHdN5BlvPxziopYZRd55pdqFwkeS&index=8,2
18,4,https://www.youtube.com/watch?v=G2FCfQj-9ig&list=PLU8oAlHdN5BlvPxziopYZRd55pdqFwkeS&index=9,3
19,4,https://www.youtube.com/watch?v=G2FCfQj-9ig&list=PLU8oAlHdN5BlvPxziopYZRd55pdqFwkeS&index=10,4
20,5,https://www.youtube.com/watch?v=G2FCfQj-9ig&list=PLU8oAlHdN5BlvPxziopYZRd55pdqFwkeS&index=1,1
21,5,https://www.youtube.com/watch?v=G2FCfQj-9ig&list=PLU8oAlHdN5BlvPxziopYZRd55pdqFwkeS&index=2,2
22,5,https://www.youtube.com/watch?v=G2FCfQj-9ig&list=PLU8oAlHdN5BlvPxziopYZRd55pdqFwkeS&index=3,3
23,5,https://www.youtube.com/watch?v=G2FCfQj-9ig&list=PLU8oAlHdN5BlvPxziopYZRd55pdqFwkeS&index=4,4
24,5,https://www.youtube.com/watch?v=G2FCfQj-9ig&list=PLU8oAlHdN5BlvPxziopYZRd55pdqFwkeS&index=5,1
25,6,https://www.youtube.com/watch?v=G2FCfQj-9ig&list=PLU8oAlHdN5BlvPxziopYZRd55pdqFwkeS&index=6,2
26,6,https://www.youtube.com/watch?v=G2FCfQj-9ig&list=PLU8oAlHdN5BlvPxziopYZRd55pdqFwkeS&index=7,3
27,6,https://www.youtube.com/watch?v=G2FCfQj-9ig&list=PLU8oAlHdN5BlvPxziopYZRd55pdqFwkeS&index=8,4
28,6,https://www.youtube.com/watch?v=G2FCfQj-9ig&list=PLU8oAlHdN5BlvPxziopYZRd55pdqFwkeS&index=9,1
29,6,https://www.youtube.com/watch?v=G2FCfQj-9ig&list=PLU8oAlHdN5BlvPxziopYZRd55pdqFwkeS&index=10,2
30,7,https://www.youtube.com/watch?v=G2FCfQj-9ig&list=PLU8oAlHdN5BlvPxziopYZRd55pdqFwkeS&index=1,3
31,7,https://www.youtube.com/watch?v=G2FCfQj-9ig&list=PLU8oAlHdN5BlvPxziopYZRd55pdqFwkeS&index=2,4
32,7,https://www.youtube.com/watch?v=G2FCfQj-9ig&list=PLU8oAlHdN5BlvPxziopYZRd55pdqFwkeS&index=3,1
33,7,https://www.youtube.com/watch?v=G2FCfQj-9ig&list=PLU8oAlHdN5BlvPxziopYZRd55pdqFwkeS&index=4,2
34,7,https://www.youtube.com/watch?v=G2FCfQj-9ig&list=PLU8oAlHdN5BlvPxziopYZRd55pdqFwkeS&index=5,3
35,8,https://www.youtube.com/watch?v=G2FCfQj-9ig&list=PLU8oAlHdN5BlvPxziopYZRd55pdqFwkeS&index=6,4
36,8,https://www.youtube.com/watch?v=G2FCfQj-9ig&list=PLU8oAlHdN5BlvPxziopYZRd55pdqFwkeS&index=7,1
37,8,https://www.youtube.com/watch?v=G2FCfQj-9ig&list=PLU8oAlHdN5BlvPxziopYZRd55pdqFwkeS&index=8,2
38,8,https://www.youtube.com/watch?v=G2FCfQj-9ig&list=PLU8oAlHdN5BlvPxziopYZRd55pdqFwkeS&index=9,3
39,8,https://www.youtube.com/watch?v=G2FCfQj-9ig&list=PLU8oAlHdN5BlvPxziopYZRd55pdqFwkeS&index=10,4
40,9,https://www.youtube.com/watch?v=G2FCfQj-9ig&list=PLU8oAlHdN5BlvPxziopYZRd55pdqFwkeS&index=1,1
41,9,https://www.youtube.com/watch?v=G2FCfQj-9ig&list=PLU8oAlHdN5BlvPxziopYZRd55pdqFwkeS&index=2,2
42,9,https://www.youtube.com/watch?v=G2FCfQj-9ig&list=PLU8oAlHdN5BlvPxziopYZRd55pdqFwkeS&index=3,3
43,9,https://www.youtube.com/watch?v=G2FCfQj-9ig&list=PLU8oAlHdN5BlvPxziopYZRd55pdqFwkeS&index=4,4
44,9,https://www.youtube.com/watch?v=G2FCfQj-9ig&list=PLU8oAlHdN5BlvPxziopYZRd55pdqFwkeS&index=5,1
45,10,https://www.youtube.com/watch?v=G2FCfQj-9ig&list=PLU8oAlHdN5BlvPxziopYZRd55pdqFwkeS&index=6,2
46,10,https://www.youtube.com/watch?v=G2FCfQj-9ig&list=PLU8oAlHdN5BlvPxziopYZRd55pdqFwkeS&index=7,3
47,10,https://www.youtube.com/watch?v=G2FCfQj-9ig&list=PLU8oAlHdN5BlvPxziopYZRd55pdqFwkeS&index=8,4
48,10,https://www.youtube.com/watch?v=G2FCfQj-9ig&list=PLU8oAlHdN5BlvPxziopYZRd55pdqFwkeS&index=9,1
49,10,https://www.youtube.com/watch?v=G2FCfQj-9ig&list=PLU8oAlHdN5BlvPxziopYZRd55pdqFwkeS&index=10,2
50,11,https://www.youtube.com/watch?v=G2FCfQj-9ig&list=PLU8oAlHdN5BlvPxziopYZRd55pdqFwkeS&index=1,3
51,11,https://www.youtube.com/watch?v=G2FCfQj-9ig&list=PLU8oAlHdN5BlvPxziopYZRd55pdqFwkeS&index=2,4
52,11,https://www.youtube.com/watch?v=G2FCfQj-9ig&list=PLU8oAlHdN5BlvPxziopYZRd55pdqFwkeS&index=3,1
53,11,https://www.youtube.com/watch?v=G2FCfQj-9ig&list=PLU8oAlHdN5BlvPxziopYZRd55pdqFwkeS&index=4,2
54,11,https://www.youtube.com/watch?v=G2FCfQj-9ig&list=PLU8oAlHdN5BlvPxziopYZRd55pdqFwkeS&index=5,3
55,12,https://www.youtube.com/watch?v=G2FCfQj-9ig&list=PLU8oAlHdN5BlvPxziopYZRd55pdqFwkeS&index=6,4
56,12,https://www.youtube.com/watch?v=G2FCfQj-9ig&list=PLU8oAlHdN5BlvPxziopYZRd55pdqFwkeS&index=7,1
57,12,https://www.youtube.com/watch?v=G2FCfQj-9ig&list=PLU8oAlHdN5BlvPxziopYZRd55pdqFwkeS&index=8,2
58,12,https://www.youtube.com/watch?v=G2FCfQj-9ig&list=PLU8oAlHdN5BlvPxziopYZRd55pdqFwkeS&index=9,3
59,12,https://www.youtube.com/watch?v=G2FCfQj-9ig&list=PLU8oAlHdN5BlvPxziopYZRd55pdqFwkeS&index=10,4
60,13,https://www.youtube.com/watch?v=G2FCfQj-9ig&list=PLU8oAlHdN5BlvPxziopYZRd55pdqFwkeS&index=1,1
61,13,https://www.youtube.com/watch?v=G2FCfQj-9ig&list=PLU8oAlHdN5BlvPxziopYZRd55pdqFwkeS&index=2,2
62,13,https://www.youtube.com/watch?v=G2FCfQj-9ig&list=PLU8oAlHdN5BlvPxziopYZRd55pdqFwkeS&index=3,3
63,13,https://www.youtube.com/watch?v=G2FCfQj-9ig&list=PLU8oAlHdN5BlvPxziopYZRd55pdqFwkeS&index=4,4
64,13,https://www.youtube.com/watch?v=G2FCfQj-9ig&list=PLU8oAlHdN5BlvPxziopYZRd55pdqFwkeS&index=5,1
65,14,https://www.youtube.com/watch?v=G2FCfQj-9ig&list=PLU8oAlHdN5BlvPxziopYZRd55pdqFwkeS&index=6,2
66,14,https://www.youtube.com/watch?v=G2FCfQj-9ig&list=PLU8oAlHdN5BlvPxziopYZRd55pdqFwkeS&index=7,3
67,14,https://www.youtube.com/watch?v=G2FCfQj-9ig&list=PLU8oAlHdN5BlvPxziopYZRd55pdqFwkeS&index=8,4
68,14,https://www.youtube.com/watch?v=G2FCfQj-9ig&list=PLU8oAlHdN5BlvPxziopYZRd55pdqFwkeS&index=9,1
69,14,https://www.youtube.com/watch?v=G2FCfQj-9ig&list=PLU8oAlHdN5BlvPxziopYZRd55pdqFwkeS&index=10,2
70,15,https://www.youtube.com/watch?v=G2FCfQj-9ig&list=PLU8oAlHdN5BlvPxziopYZRd55pdqFwkeS&index=1,3
71,15,https://www.youtube.com/watch?v=G2FCfQj-9ig&list=PLU8oAlHdN5BlvPxziopYZRd55pdqFwkeS&index=2,4
72,15,https://www.youtube.com/watch?v=G2FCfQj-9ig&list=PLU8oAlHdN5BlvPxziopYZRd55pdqFwkeS&index=3,1
73,15,https://www.youtube.com/watch?v=G2FCfQj-9ig&list=PLU8oAlHdN5BlvPxziopYZRd55pdqFwkeS&index=4,2
74,15,https://www.youtube.com/watch?v=G2FCfQj-9ig&list=PLU8oAlHdN5BlvPxziopYZRd55pdqFwkeS&index=5,3
75,16,https://www.youtube.com/watch?v=G2FCfQj-9ig&list=PLU8oAlHdN5BlvPxziopYZRd55pdqFwkeS&index=6,4
76,16,https://www.youtube.com/watch?v=G2FCfQj-9ig&list=PLU8oAlHdN5BlvPxziopYZRd55pdqFwkeS&index=7,1
77,16,https://www.youtube.com/watch?v=G2FCfQj-9ig&list=PLU8oAlHdN5BlvPxziopYZRd55pdqFwkeS&index=8,2
78,16,https://www.youtube.com/watch?v=G2FCfQj-9ig&list=PLU8oAlHdN5BlvPxziopYZRd55pdqFwkeS&index=9,3
79,16,https://www.youtube.com/watch?v=G2FCfQj-9ig&list=PLU8oAlHdN5BlvPxziopYZRd55pdqFwkeS&index=10,4
80,17,https://www.youtube.com/watch?v=G2FCfQj-9ig&list=PLU8oAlHdN5BlvPxziopYZRd55pdqFwkeS&index=1,1
81,17,https://www.youtube.com/watch?v=G2FCfQj-9ig&list=PLU8oAlHdN5BlvPxziopYZRd55pdqFwkeS&index=2,2
82,17,https://www.youtube.com/watch?v=G2FCfQj-9ig&list=PLU8oAlHdN5BlvPxziopYZRd55pdqFwkeS&index=3,3
83,17,https://www.youtube.com/watch?v=G2FCfQj-9ig&list=PLU8oAlHdN5BlvPxziopYZRd55pdqFwkeS&index=4,4
84,17,https://www.youtube.com/watch?v=G2FCfQj-9ig&list=PLU8oAlHdN5BlvPxziopYZRd55pdqFwkeS&index=5,1
85,18,https://www.youtube.com/watch?v=G2FCfQj-9ig&list=PLU8oAlHdN5BlvPxziopYZRd55pdqFwkeS&index=6,2
86,18,https://www.youtube.com/watch?v=G2FCfQj-9ig&list=PLU8oAlHdN5BlvPxziopYZRd55pdqFwkeS&index=7,3
87,18,https://www.youtube.com/watch?v=G2FCfQj-9ig&list=PLU8oAlHdN5BlvPxziopYZRd55pdqFwkeS&index=8,4
88,18,https://www.youtube.com/watch?v=G2FCfQj-9ig&list=PLU8oAlHdN5BlvPxziopYZRd55pdqFwkeS&index=9,1
89,18,https://www.youtube.com/watch?v=G2FCfQj-9ig&list=PLU8oAlHdN5BlvPxziopYZRd55pdqFwkeS&index=10,2
90,19,https://www.youtube.com/watch?v=G2FCfQj-9ig&list=PLU8oAlHdN5BlvPxziopYZRd55pdqFwkeS&index=1,3
91,19,https://www.youtube.com/watch?v=G2FCfQj-9ig&list=PLU8oAlHdN5BlvPxziopYZRd55pdqFwkeS&index=2,4
92,19,https://www.youtube.com/watch?v=G2FCfQj-9ig&list=PLU8oAlHdN5BlvPxziopYZRd55pdqFwkeS&index=3,1
93,19,https://www.youtube.com/watch?v=G2FCfQj-9ig&list=PLU8oAlHdN5BlvPxziopYZRd55pdqFwkeS&index=4,2
94,19,https://www.youtube.com/watch?v=G2FCfQj-9ig&list=PLU8oAlHdN5BlvPxziopYZRd55pdqFwkeS&index=5,3
95,20,https://www.youtube.com/watch?v=G2FCfQj-9ig&list=PLU8oAlHdN5BlvPxziopYZRd55pdqFwkeS&index=6,4
96,20,https://www.youtube.com/watch?v=G2FCfQj-9ig&list=PLU8oAlHdN5BlvPxziopYZRd55pdqFwkeS&index=7,1
97,20,https://www.youtube.com/watch?v=G2FCfQj-9ig&list=PLU8oAlHdN5BlvPxziopYZRd55pdqFwkeS&index=8,2
98,20,https://www.youtube.com/watch?v=G2FCfQj-9ig&list=PLU8oAlHdN5BlvPxziopYZRd55pdqFwkeS&index=9,3
99,20,https://www.youtube.com/watch?v=G2FCfQj-9ig&list=PLU8oAlHdN5BlvPxziopYZRd55pdqFwkeS&index=10,4
100,21,https://www.youtube.com/watch?v=G2FCfQj-9ig&list=PLU8oAlHdN5BlvPxziopYZRd55pdqFwkeS&index=1,1
101,21,https://www.youtube.com/watch?v=G2FCfQj-9ig&list=PLU8oAlHdN5BlvPxziopYZRd55pdqFwkeS&index=2,2
102,21,https://www.youtube.com/watch?v=G2FCfQj-9ig&list=PLU8oAlHdN5BlvPxziopYZRd55pdqFwkeS&index=3,3
103,21,https://www.youtube.com/watch?v=G2FCfQj-9ig&list=PLU8oAlHdN5BlvPxziopYZRd55pdqFwkeS&index=4,4
104,21,https://www.youtube.com/watch?v=G2FCfQj-9ig&list=PLU8oAlHdN5BlvPxziopYZRd55pdqFwkeS&index=5,1
105,22,https://www.youtube.com/watch?v=G2FCfQj-9ig&list=PLU8oAlHdN5BlvPxziopYZRd55pdqFwkeS&index=6,2
106,22,https://www.youtube.com/watch?v=G2FCfQj-9ig&list=PLU8oAlHdN5BlvPxziopYZRd55pdqFwkeS&index=7,3
107,22,https://www.youtube.com/watch?v=G2FCfQj-9ig&list=PLU8oAlHdN5BlvPxziopYZRd55pdqFwkeS&index=8,4
108,22,https://www.youtube.com/watch?v=G2FCfQj-9ig&list=PLU8oAlHdN5BlvPxziopYZRd55pdqFwkeS&index=9,1
109,22,https://www.youtube.com/watch?v=G2FCfQj-9ig&list=PLU8oAlHdN5BlvPxziopYZRd55pdqFwkeS&index=10,2
110,23,https://www.youtube.com/watch?v=G2FCfQj-9ig&list=PLU8oAlHdN5BlvPxziopYZRd55pdqFwkeS&index=1,3
111,23,https://www.youtube.com/watch?v=G2FCfQj-9ig&list=PLU8oAlHdN5BlvPxziopYZRd55pdqFwkeS&index=2,4
112,23,https://www.youtube.com/watch?v=G2FCfQj-9ig&list=PLU8oAlHdN5BlvPxziopYZRd55pdqFwkeS&index=3,1
113,23,https://www.youtube.com/watch?v=G2FCfQj-9ig&list=PLU8oAlHdN5BlvPxziopYZRd55pdqFwkeS&index=4,2
114,23,https://www.youtube.com/watch?v=G2FCfQj-9ig&list=PLU8oAlHdN5BlvPxziopYZRd55pdqFwkeS&index=5,3
115,24,https://www.youtube.com/watch?v=G2FCfQj-9ig&list=PLU8oAlHdN5BlvPxziopYZRd55pdqFwkeS&index=6,4
116,24,https://www.youtube.com/watch?v=G2FCfQj-9ig&list=PLU8oAlHdN5BlvPxziopYZRd55pdqFwkeS&index=7,1
117,24,https://www.youtube.com/watch?v=G2FCfQj-9ig&list=PLU8oAlHdN5BlvPxziopYZRd55pdqFwkeS&index=8,2
118,24,https://www.youtube.com/watch?v=G2FCfQj-9ig&list=PLU8oAlHdN5BlvPxziopYZRd55pdqFwkeS&index=9,3
119,24,https://www.youtube.com/watch?v=G2FCfQj-9ig&list=PLU8oAlHdN5BlvPxziopYZRd55pdqFwkeS&index=10,4
120,25,https://www.youtube.com/watch?v=G2FCfQj-9ig&list=PLU8oAlHdN5BlvPxziopYZRd55pdqFwkeS&index=1,1
121,25,https://www.youtube.com/watch?v=G2FCfQj-9ig&list=PLU8oAlHdN5BlvPxziopYZRd55pdqFwkeS&index=2,2
122,25,https://www.youtube.com/watch?v=G2FCfQj-9ig&list=PLU8oAlHdN5BlvPxziopYZRd55pdqFwkeS&index=3,3
123,25,https://www.youtube.com/watch?v=G2FCfQj-9ig&list=PLU8oAlHdN5BlvPxziopYZRd55pdqFwkeS&index=4,4
124,25,https://www.youtube.com/watch?v=G2FCfQj-9ig&list=PLU8oAlHdN5BlvPxziopYZRd55pdqFwkeS&index=5,1
125,26,https://www.youtube.com/watch?v=G2FCfQj-9ig&list=PLU8oAlHdN5BlvPxziopYZRd55pdqFwkeS&index=6,2
126,26,https://www.youtube.com/watch?v=G2FCfQj-9ig&list=PLU8oAlHdN5BlvPxziopYZRd55pdqFwkeS&index=7,3
127,26,https://www.youtube.com/watch?v=G2FCfQj-9ig&list=PLU8oAlHdN5BlvPxziopYZRd55pdqFwkeS&index=8,4
128,26,https://www.youtube.com/watch?v=G2FCfQj-9ig&list=PLU8oAlHdN5BlvPxziopYZRd55pdqFwkeS&index=9,1
129,26,https://www.youtube.com/watch?v=G2FCfQj-9ig&list=PLU8oAlHdN5BlvPxziopYZRd55pdqFwkeS&index=10,2
130,27,https://www.youtube.com/watch?v=G2FCfQj-9ig&list=PLU8oAlHdN5BlvPxziopYZRd55pdqFwkeS&index=1,3
131,27,https://www.youtube.com/watch?v=G2FCfQj-9ig&list=PLU8oAlHdN5BlvPxziopYZRd55pdqFwkeS&index=2,4
132,27,https://www.youtube.com/watch?v=G2FCfQj-9ig&list=PLU8oAlHdN5BlvPxziopYZRd55pdqFwkeS&index=3,1
133,27,https://www.youtube.com/watch?v=G2FCfQj-9ig&list=PLU8oAlHdN5BlvPxziopYZRd55pdqFwkeS&index=4,2
134,27,https://www.youtube.com/watch?v=G2FCfQj-9ig&list=PLU8oAlHdN5BlvPxziopYZRd55pdqFwkeS&index=5,3
135,28,https://www.youtube.com/watch?v=G2FCfQj-9ig&list=PLU8oAlHdN5BlvPxziopYZRd55pdqFwkeS&index=6,4
136,28,https://www.youtube.com/watch?v=G2FCfQj-9ig&list=PLU8oAlHdN5BlvPxziopYZRd55pdqFwkeS&index=7,1
137,28,https://www.youtube.com/watch?v=G2FCfQj-9ig&list=PLU8oAlHdN5BlvPxziopYZRd55pdqFwkeS&index=8,2
138,28,https://www.youtube.com/watch?v=G2FCfQj-9ig&list=PLU8oAlHdN5BlvPxziopYZRd55pdqFwkeS&index=9,3
139,28,https://www.youtube.com/watch?v=G2FCfQj-9ig&list=PLU8oAlHdN5BlvPxziopYZRd55pdqFwkeS&index=10,4
140,29,https://www.youtube.com/watch?v=G2FCfQj-9ig&list=PLU8oAlHdN5BlvPxziopYZRd55pdqFwkeS&index=1,1
141,29,https://www.youtube.com/watch?v=G2FCfQj-9ig&list=PLU8oAlHdN5BlvPxziopYZRd55pdqFwkeS&index=2,2
142,29,https://www.youtube.com/watch?v=G2FCfQj-9ig&list=PLU8oAlHdN5BlvPxziopYZRd55pdqFwkeS&index=3,3
143,29,https://www.youtube.com/watch?v=G2FCfQj-9ig&list=PLU8oAlHdN5BlvPxziopYZRd55pdqFwkeS&index=4,4
144,29,https://www.youtube.com/watch?v=G2FCfQj-9ig&list=PLU8oAlHdN5BlvPxziopYZRd55pdqFwkeS&index=5,1
145,30,https://www.youtube.com/watch?v=G2FCfQj-9ig&list=PLU8oAlHdN5BlvPxziopYZRd55pdqFwkeS&index=6,2
146,30,https://www.youtube.com/watch?v=G2FCfQj-9ig&list=PLU8oAlHdN5BlvPxziopYZRd55pdqFwkeS&index=7,3
147,30,https://www.youtube.com/watch?v=G2FCfQj-9ig&list=PLU8oAlHdN5BlvPxziopYZRd55pdqFwkeS&index=8,4
148,30,https://www.youtube.com/watch?v=G2FCfQj-9ig&list=PLU8oAlHdN5BlvPxziopYZRd55pdqFwkeS&index=9,1
149,30,https://www.youtube.com/watch?v=G2FCfQj-9ig&list=PLU8oAlHdN5BlvPxziopYZRd55pdqFwkeS&index=10,2
150,31,https://www.youtube.com/watch?v=G2FCfQj-9ig&list=PLU8oAlHdN5BlvPxziopYZRd55pdqFwkeS&index=1,3
151,31,https://www.youtube.com/watch?v=G2FCfQj-9ig&list=PLU8oAlHdN5BlvPxziopYZRd55pdqFwkeS&index=2,4
152,31,https://www.youtube.com/watch?v=G2FCfQj-9ig&list=PLU8oAlHdN5BlvPxziopYZRd55pdqFwkeS&index=3,1
153,31,https://www.youtube.com/watch?v=G2FCfQj-9ig&list=PLU8oAlHdN5BlvPxziopYZRd55pdqFwkeS&index=4,2
154,31,https://www.youtube.com/watch?v=G2FCfQj-9ig&list=PLU8oAlHdN5BlvPxziopYZRd55pdqFwkeS&index=5,3
155,32,https://www.youtube.com/watch?v=G2FCfQj-9ig&list=PLU8oAlHdN5BlvPxziopYZRd55pdqFwkeS&index=6,4
156,32,https://www.youtube.com/watch?v=G2FCfQj-9ig&list=PLU8oAlHdN5BlvPxziopYZRd55pdqFwkeS&index=7,1
157,32,https://www.youtube.com/watch?v=G2FCfQj-9ig&list=PLU8oAlHdN5BlvPxziopYZRd55pdqFwkeS&index=8,2
158,32,https://www.youtube.com/watch?v=G2FCfQj-9ig&list=PLU8oAlHdN5BlvPxziopYZRd55pdqFwkeS&index=9,3
159,32,https://www.youtube.com/watch?v=G2FCfQj-9ig&list=PLU8oAlHdN5BlvPxziopYZRd55pdqFwkeS&index=10,4
160,33,https://www.youtube.com/watch?v=G2FCfQj-9ig&list=PLU8oAlHdN5BlvPxziopYZRd55pdqFwkeS&index=1,1
161,33,https://www.youtube.com/watch?v=G2FCfQj-9ig&list=PLU8oAlHdN5BlvPxziopYZRd55pdqFwkeS&index=2,2
162,33,https://www.youtube.com/watch?v=G2FCfQj-9ig&list=PLU8oAlHdN5BlvPxziopYZRd55pdqFwkeS&index=3,3
163,33,https://www.youtube.com/watch?v=G2FCfQj-9ig&list=PLU8oAlHdN5BlvPxziopYZRd55pdqFwkeS&index=4,4
164,33,https://www.youtube.com/watch?v=G2FCfQj-9ig&list=PLU8oAlHdN5BlvPxziopYZRd55pdqFwkeS&index=5,1
165,34,https://www.youtube.com/watch?v=G2FCfQj-9ig&list=PLU8oAlHdN5BlvPxziopYZRd55pdqFwkeS&index=6,2
166,34,https://www.youtube.com/watch?v=G2FCfQj-9ig&list=PLU8oAlHdN5BlvPxziopYZRd55pdqFwkeS&index=7,3
167,34,https://www.youtube.com/watch?v=G2FCfQj-9ig&list=PLU8oAlHdN5BlvPxziopYZRd55pdqFwkeS&index=8,4
168,34,https://www.youtube.com/watch?v=G2FCfQj-9ig&list=PLU8oAlHdN5BlvPxziopYZRd55pdqFwkeS&index=9,1
169,34,https://www.youtube.com/watch?v=G2FCfQj-9ig&list=PLU8oAlHdN5BlvPxziopYZRd55pdqFwkeS&index=10,2
170,35,https://www.youtube.com/watch?v=G2FCfQj-9ig&list=PLU8oAlHdN5BlvPxziopYZRd55pdqFwkeS&index=1,3
171,35,https://www.youtube.com/watch?v=G2FCfQj-9ig&list=PLU8oAlHdN5BlvPxziopYZRd55pdqFwkeS&index=2,4
172,35,https://www.youtube.com/watch?v=G2FCfQj-9ig&list=PLU8oAlHdN5BlvPxziopYZRd55pdqFwkeS&index=3,1
173,35,https://www.youtube.com/watch?v=G2FCfQj-9ig&list=PLU8oAlHdN5BlvPxziopYZRd55pdqFwkeS&index=4,2
174,35,https://www.youtube.com/watch?v=G2FCfQj-9ig&list=PLU8oAlHdN5BlvPxziopYZRd55pdqFwkeS&index=5,3
175,36,https://www.youtube.com/watch?v=G2FCfQj-9ig&list=PLU8oAlHdN5BlvPxziopYZRd55pdqFwkeS&index=6,4
176,36,https://www.youtube.com/watch?v=G2FCfQj-9ig&list=PLU8oAlHdN5BlvPxziopYZRd55pdqFwkeS&index=7,1
177,36,https://www.youtube.com/watch?v=G2FCfQj-9ig&list=PLU8oAlHdN5BlvPxziopYZRd55pdqFwkeS&index=8,2
178,36,https://www.youtube.com/watch?v=G2FCfQj-9ig&list=PLU8oAlHdN5BlvPxziopYZRd55pdqFwkeS&index=9,3
179,36,https://www.youtube.com/watch?v=G2FCfQj-9ig&list=PLU8oAlHdN5BlvPxziopYZRd55pdqFwkeS&index=10,4
180,37,https://www.youtube.com/watch?v=G2FCfQj-9ig&list=PLU8oAlHdN5BlvPxziopYZRd55pdqFwkeS&index=1,1
181,37,https://www.youtube.com/watch?v=G2FCfQj-9ig&list=PLU8oAlHdN5BlvPxziopYZRd55pdqFwkeS&index=2,2
182,37,https://www.youtube.com/watch?v=G2FCfQj-9ig&list=PLU8oAlHdN5BlvPxziopYZRd55pdqFwkeS&index=3,3
183,37,https://www.youtube.com/watch?v=G2FCfQj-9ig&list=PLU8oAlHdN5BlvPxziopYZRd55pdqFwkeS&index=4,4
184,37,https://www.youtube.com/watch?v=G2FCfQj-9ig&list=PLU8oAlHdN5BlvPxziopYZRd55pdqFwkeS&index=5,1
185,38,https://www.youtube.com/watch?v=G2FCfQj-9ig&list=PLU8oAlHdN5BlvPxziopYZRd55pdqFwkeS&index=6,2
186,38,https://www.youtube.com/watch?v=G2FCfQj-9ig&list=PLU8oAlHdN5BlvPxziopYZRd55pdqFwkeS&index=7,3
187,38,https://www.youtube.com/watch?v=G2FCfQj-9ig&list=PLU8oAlHdN5BlvPxziopYZRd55pdqFwkeS&index=8,4
188,38,https://www.youtube.com/watch?v=G2FCfQj-9ig&list=PLU8oAlHdN5BlvPxziopYZRd55pdqFwkeS&index=9,1
189,38,https://www.youtube.com/watch?v=G2FCfQj-9ig&list=PLU8oAlHdN5BlvPxziopYZRd55pdqFwkeS&index=10,2
190,39,https://www.youtube.com/watch?v=G2FCfQj-9ig&list=PLU8oAlHdN5BlvPxziopYZRd55pdqFwkeS&index=1,3
191,39,https://www.youtube.com/watch?v=G2FCfQj-9ig&list=PLU8oAlHdN5BlvPxziopYZRd55pdqFwkeS&index=2,4
192,39,https://www.youtube.com/watch?v=G2FCfQj-9ig&list=PLU8oAlHdN5BlvPxziopYZRd55pdqFwkeS&index=3,1
193,39,https://www.youtube.com/watch?v=G2FCfQj-9ig&list=PLU8oAlHdN5BlvPxziopYZRd55pdqFwkeS&index=4,2
194,39,https://www.youtube.com/watch?v=G2FCfQj-9ig&list=PLU8oAlHdN5BlvPxziopYZRd55pdqFwkeS&index=5,3
195,40,https://www.youtube.com/watch?v=G2FCfQj-9ig&list=PLU8oAlHdN5BlvPxziopYZRd55pdqFwkeS&index=6,4
196,40,https://www.youtube.com/watch?v=G2FCfQj-9ig&list=PLU8oAlHdN5BlvPxziopYZRd55pdqFwkeS&index=7,1
197,40,https://www.youtube.com/watch?v=G2FCfQj-9ig&list=PLU8oAlHdN5BlvPxziopYZRd55pdqFwkeS&index=8,2
198,40,https://www.youtube.com/watch?v=G2FCfQj-9ig&list=PLU8oAlHdN5BlvPxziopYZRd55pdqFwkeS&index=9,3
199,40,https://www.youtube.com/watch?v=G2FCfQj-9ig&list=PLU8oAlHdN5BlvPxziopYZRd55pdqFwkeS&index=10,4
200,41,https://www.youtube.com/watch?v=G2FCfQj-9ig&list=PLU8oAlHdN5BlvPxziopYZRd55pdqFwkeS&index=1,1
201,41,https://www.youtube.com/watch?v=G2FCfQj-9ig&list=PLU8oAlHdN5BlvPxziopYZRd55pdqFwkeS&index=2,2
202,41,https://www.youtube.com/watch?v=G2FCfQj-9ig&list=PLU8oAlHdN5BlvPxziopYZRd55pdqFwkeS&index=3,3
203,41,https://www.youtube.com/watch?v=G2FCfQj-9ig&list=PLU8oAlHdN5BlvPxziopYZRd55pdqFwkeS&index=4,4
204,41,https://www.youtube.com/watch?v=G2FCfQj-9ig&list=PLU8oAlHdN5BlvPxziopYZRd55pdqFwkeS&index=5,1
205,42,https://www.youtube.com/watch?v=G2FCfQj-9ig&list=PLU8oAlHdN5BlvPxziopYZRd55pdqFwkeS&index=6,2
206,42,https://www.youtube.com/watch?v=G2FCfQj-9ig&list=PLU8oAlHdN5BlvPxziopYZRd55pdqFwkeS&index=7,3
207,42,https://www.youtube.com/watch?v=G2FCfQj-9ig&list=PLU8oAlHdN5BlvPxziopYZRd55pdqFwkeS&index=8,4
208,42,https://www.youtube.com/watch?v=G2FCfQj-9ig&list=PLU8oAlHdN5BlvPxziopYZRd55pdqFwkeS&index=9,1
209,42,https://www.youtube.com/watch?v=G2FCfQj-9ig&list=PLU8oAlHdN5BlvPxziopYZRd55pdqFwkeS&index=10,2
210,43,https://www.youtube.com/watch?v=G2FCfQj-9ig&list=PLU8oAlHdN5BlvPxziopYZRd55pdqFwkeS&index=1,3
211,43,https://www.youtube.com/watch?v=G2FCfQj-9ig&list=PLU8oAlHdN5BlvPxziopYZRd55pdqFwkeS&index=2,4
212,43,https://www.youtube.com/watch?v=G2FCfQj-9ig&list=PLU8oAlHdN5BlvPxziopYZRd55pdqFwkeS&index=3,1
213,43,https://www.youtube.com/watch?v=G2FCfQj-9ig&list=PLU8oAlHdN5BlvPxziopYZRd55pdqFwkeS&index=4,2
214,43,https://www.youtube.com/watch?v=G2FCfQj-9ig&list=PLU8oAlHdN5BlvPxziopYZRd55pdqFwkeS&index=5,3
215,44,https://www.youtube.com/watch?v=G2FCfQj-9ig&list=PLU8oAlHdN5BlvPxziopYZRd55pdqFwkeS&index=6,4
216,44,https://www.youtube.com/watch?v=G2FCfQj-9ig&list=PLU8oAlHdN5BlvPxziopYZRd55pdqFwkeS&index=7,1
217,44,https://www.youtube.com/watch?v=G2FCfQj-9ig&list=PLU8oAlHdN5BlvPxziopYZRd55pdqFwkeS&index=8,2
218,44,https://www.youtube.com/watch?v=G2FCfQj-9ig&list=PLU8oAlHdN5BlvPxziopYZRd55pdqFwkeS&index=9,3
219,44,https://www.youtube.com/watch?v=G2FCfQj-9ig&list=PLU8oAlHdN5BlvPxziopYZRd55pdqFwkeS&index=10,4
220,45,https://www.youtube.com/watch?v=G2FCfQj-9ig&list=PLU8oAlHdN5BlvPxziopYZRd55pdqFwkeS&index=1,1
221,45,https://www.youtube.com/watch?v=G2FCfQj-9ig&list=PLU8oAlHdN5BlvPxziopYZRd55pdqFwkeS&index=2,2
222,45,https://www.youtube.com/watch?v=G2FCfQj-9ig&list=PLU8oAlHdN5BlvPxziopYZRd55pdqFwkeS&index=3,3
223,45,https://www.youtube.com/watch?v=G2FCfQj-9ig&list=PLU8oAlHdN5BlvPxziopYZRd55pdqFwkeS&index=4,4
224,45,https://www.youtube.com/watch?v=G2FCfQj-9ig&list=PLU8oAlHdN5BlvPxziopYZRd55pdqFwkeS&index=5,1
225,46,https://www.youtube.com/watch?v=G2FCfQj-9ig&list=PLU8oAlHdN5BlvPxziopYZRd55pdqFwkeS&index=6,2
226,46,https://www.youtube.com/watch?v=G2FCfQj-9ig&list=PLU8oAlHdN5BlvPxziopYZRd55pdqFwkeS&index=7,3
227,46,https://www.youtube.com/watch?v=G2FCfQj-9ig&list=PLU8oAlHdN5BlvPxziopYZRd55pdqFwkeS&index=8,4
228,46,https://www.youtube.com/watch?v=G2FCfQj-9ig&list=PLU8oAlHdN5BlvPxziopYZRd55pdqFwkeS&index=9,1
229,46,https://www.youtube.com/watch?v=G2FCfQj-9ig&list=PLU8oAlHdN5BlvPxziopYZRd55pdqFwkeS&index=10,2
230,47,https://www.youtube.com/watch?v=G2FCfQj-9ig&list=PLU8oAlHdN5BlvPxziopYZRd55pdqFwkeS&index=1,3
231,47,https://www.youtube.com/watch?v=G2FCfQj-9ig&list=PLU8oAlHdN5BlvPxziopYZRd55pdqFwkeS&index=2,4
232,47,https://www.youtube.com/watch?v=G2FCfQj-9ig&list=PLU8oAlHdN5BlvPxziopYZRd55pdqFwkeS&index=3,1
233,47,https://www.youtube.com/watch?v=G2FCfQj-9ig&list=PLU8oAlHdN5BlvPxziopYZRd55pdqFwkeS&index=4,2
234,47,https://www.youtube.com/watch?v=G2FCfQj-9ig&list=PLU8oAlHdN5BlvPxziopYZRd55pdqFwkeS&index=5,3
235,48,https://www.youtube.com/watch?v=G2FCfQj-9ig&list=PLU8oAlHdN5BlvPxziopYZRd55pdqFwkeS&index=6,4
236,48,https://www.youtube.com/watch?v=G2FCfQj-9ig&list=PLU8oAlHdN5BlvPxziopYZRd55pdqFwkeS&index=7,1
237,48,https://www.youtube.com/watch?v=G2FCfQj-9ig&list=PLU8oAlHdN5BlvPxziopYZRd55pdqFwkeS&index=8,2
238,48,https://www.youtube.com/watch?v=G2FCfQj-9ig&list=PLU8oAlHdN5BlvPxziopYZRd55pdqFwkeS&index=9,3
239,48,https://www.youtube.com/watch?v=G2FCfQj-9ig&list=PLU8oAlHdN5BlvPxziopYZRd55pdqFwkeS&index=10,4
240,49,https://www.youtube.com/watch?v=G2FCfQj-9ig&list=PLU8oAlHdN5BlvPxziopYZRd55pdqFwkeS&index=1,1
241,49,https://www.youtube.com/watch?v=G2FCfQj-9ig&list=PLU8oAlHdN5BlvPxziopYZRd55pdqFwkeS&index=2,2
242,49,https://www.youtube.com/watch?v=G2FCfQj-9ig&list=PLU8oAlHdN5BlvPxziopYZRd55pdqFwkeS&index=3,3
243,49,https://www.youtube.com/watch?v=G2FCfQj-9ig&list=PLU8oAlHdN5BlvPxziopYZRd55pdqFwkeS&index=4,4
244,49,https://www.youtube.com/watch?v=G2FCfQj-9ig&list=PLU8oAlHdN5BlvPxziopYZRd55pdqFwkeS&index=5,1
245,50,https://www.youtube.com/watch?v=G2FCfQj-9ig&list=PLU8oAlHdN5BlvPxziopYZRd55pdqFwkeS&index=6,2
246,50,https://www.youtube.com/watch?v=G2FCfQj-9ig&list=PLU8oAlHdN5BlvPxziopYZRd55pdqFwkeS&index=7,3
247,50,https://www.youtube.com/watch?v=G2FCfQj-9ig&list=PLU8oAlHdN5BlvPxziopYZRd55pdqFwkeS&index=8,4
248,50,https://www.youtube.com/watch?v=G2FCfQj-9ig&list=PLU8oAlHdN5BlvPxziopYZRd55pdqFwkeS&index=9,1
249,50,https://www.youtube.com/watch?v=G2FCfQj-9ig&list=PLU8oAlHdN5BlvPxziopYZRd55pdqFwkeS&index=10,2
250,51,https://www.youtube.com/watch?v=G2FCfQj-9ig&list=PLU8oAlHdN5BlvPxziopYZRd55pdqFwkeS&index=1,3
251,51,https://www.youtube.com/watch?v=G2FCfQj-9ig&list=PLU8oAlHdN5BlvPxziopYZRd55pdqFwkeS&index=2,4
252,51,https://www.youtube.com/watch?v=G2FCfQj-9ig&list=PLU8oAlHdN5BlvPxziopYZRd55pdqFwkeS&index=3,1
253,51,https://www.youtube.com/watch?v=G2FCfQj-9ig&list=PLU8oAlHdN5BlvPxziopYZRd55pdqFwkeS&index=4,2
254,51,https://www.youtube.com/watch?v=G2FCfQj-9ig&list=PLU8oAlHdN5BlvPxziopYZRd55pdqFwkeS&index=5,3
255,52,https://www.youtube.com/watch?v=G2FCfQj-9ig&list=PLU8oAlHdN5BlvPxziopYZRd55pdqFwkeS&index=6,4
256,52,https://www.youtube.com/watch?v=G2FCfQj-9ig&list=PLU8oAlHdN5BlvPxziopYZRd55pdqFwkeS&index=7,1
257,52,https://www.youtube.com/watch?v=G2FCfQj-9ig&list=PLU8oAlHdN5BlvPxziopYZRd55pdqFwkeS&index=8,2
258,52,https://www.youtube.com/watch?v=G2FCfQj-9ig&list=PLU8oAlHdN5BlvPxziopYZRd55pdqFwkeS&index=9,3
259,52,https://www.youtube.com/watch?v=G2FCfQj-9ig&list=PLU8oAlHdN5BlvPxziopYZRd55pdqFwkeS&index=10,4
260,53,https://www.youtube.com/watch?v=G2FCfQj-9ig&list=PLU8oAlHdN5BlvPxziopYZRd55pdqFwkeS&index=1,1
261,53,https://www.youtube.com/watch?v=G2FCfQj-9ig&list=PLU8oAlHdN5BlvPxziopYZRd55pdqFwkeS&index=2,2
262,53,https://www.youtube.com/watch?v=G2FCfQj-9ig&list=PLU8oAlHdN5BlvPxziopYZRd55pdqFwkeS&index=3,3
263,53,https://www.youtube.com/watch?v=G2FCfQj-9ig&list=PLU8oAlHdN5BlvPxziopYZRd55pdqFwkeS&index=4,4
264,53,https://www.youtube.com/watch?v=G2FCfQj-9ig&list=PLU8oAlHdN5BlvPxziopYZRd55pdqFwkeS&index=5,1
265,54,https://www.youtube.com/watch?v=G2FCfQj-9ig&list=PLU8oAlHdN5BlvPxziopYZRd55pdqFwkeS&index=6,2
266,54,https://www.youtube.com/watch?v=G2FCfQj-9ig&list=PLU8oAlHdN5BlvPxziopYZRd55pdqFwkeS&index=7,3
267,54,https://www.youtube.com/watch?v=G2FCfQj-9ig&list=PLU8oAlHdN5BlvPxziopYZRd55pdqFwkeS&index=8,4
268,54,https://www.youtube.com/watch?v=G2FCfQj-9ig&list=PLU8oAlHdN5BlvPxziopYZRd55pdqFwkeS&index=9,1
269,54,https://www.youtube.com/watch?v=G2FCfQj-9ig&list=PLU8oAlHdN5BlvPxziopYZRd55pdqFwkeS&index=10,2
270,55,https://www.youtube.com/watch?v=G2FCfQj-9ig&list=PLU8oAlHdN5BlvPxziopYZRd55pdqFwkeS&index=1,3
271,55,https://www.youtube.com/watch?v=G2FCfQj-9ig&list=PLU8oAlHdN5BlvPxziopYZRd55pdqFwkeS&index=2,4
272,55,https://www.youtube.com/watch?v=G2FCfQj-9ig&list=PLU8oAlHdN5BlvPxziopYZRd55pdqFwkeS&index=3,1
273,55,https://www.youtube.com/watch?v=G2FCfQj-9ig&list=PLU8oAlHdN5BlvPxziopYZRd55pdqFwkeS&index=4,2
274,55,https://www.youtube.com/watch?v=G2FCfQj-9ig&list=PLU8oAlHdN5BlvPxziopYZRd55pdqFwkeS&index=5,3
275,56,https://www.youtube.com/watch?v=G2FCfQj-9ig&list=PLU8oAlHdN5BlvPxziopYZRd55pdqFwkeS&index=6,4
276,56,https://www.youtube.com/watch?v=G2FCfQj-9ig&list=PLU8oAlHdN5BlvPxziopYZRd55pdqFwkeS&index=7,1
277,56,https://www.youtube.com/watch?v=G2FCfQj-9ig&list=PLU8oAlHdN5BlvPxziopYZRd55pdqFwkeS&index=8,2
278,56,https://www.youtube.com/watch?v=G2FCfQj-9ig&list=PLU8oAlHdN5BlvPxziopYZRd55pdqFwkeS&index=9,3
279,56,https://www.youtube.com/watch?v=G2FCfQj-9ig&list=PLU8oAlHdN5BlvPxziopYZRd55pdqFwkeS&index=10,4
280,57,https://www.youtube.com/watch?v=G2FCfQj-9ig&list=PLU8oAlHdN5BlvPxziopYZRd55pdqFwkeS&index=1,1
281,57,https://www.youtube.com/watch?v=G2FCfQj-9ig&list=PLU8oAlHdN5BlvPxziopYZRd55pdqFwkeS&index=2,2
282,57,https://www.youtube.com/watch?v=G2FCfQj-9ig&list=PLU8oAlHdN5BlvPxziopYZRd55pdqFwkeS&index=3,3
283,57,https://www.youtube.com/watch?v=G2FCfQj-9ig&list=PLU8oAlHdN5BlvPxziopYZRd55pdqFwkeS&index=4,4
284,57,https://www.youtube.com/watch?v=G2FCfQj-9ig&list=PLU8oAlHdN5BlvPxziopYZRd55pdqFwkeS&index=5,1
285,58,https://www.youtube.com/watch?v=G2FCfQj-9ig&list=PLU8oAlHdN5BlvPxziopYZRd55pdqFwkeS&index=6,2
286,58,https://www.youtube.com/watch?v=G2FCfQj-9ig&list=PLU8oAlHdN5BlvPxziopYZRd55pdqFwkeS&index=7,3
287,58,https://www.youtube.com/watch?v=G2FCfQj-9ig&list=PLU8oAlHdN5BlvPxziopYZRd55pdqFwkeS&index=8,4
288,58,https://www.youtube.com/watch?v=G2FCfQj-9ig&list=PLU8oAlHdN5BlvPxziopYZRd55pdqFwkeS&index=9,1
289,58,https://www.youtube.com/watch?v=G2FCfQj-9ig&list=PLU8oAlHdN5BlvPxziopYZRd55pdqFwkeS&index=10,2
290,59,https://www.youtube.com/watch?v=G2FCfQj-9ig&list=PLU8oAlHdN5BlvPxziopYZRd55pdqFwkeS&index=1,3
291,59,https://www.youtube.com/watch?v=G2FCfQj-9ig&list=PLU8oAlHdN5BlvPxziopYZRd55pdqFwkeS&index=2,4
292,59,https://www.youtube.com/watch?v=G2FCfQj-9ig&list=PLU8oAlHdN5BlvPxziopYZRd55pdqFwkeS&index=3,1
293,59,https://www.youtube.com/watch?v=G2FCfQj-9ig&list=PLU8oAlHdN5BlvPxziopYZRd55pdqFwkeS&index=4,2
294,59,https://www.youtube.com/watch?v=G2FCfQj-9ig&list=PLU8oAlHdN5BlvPxziopYZRd55pdqFwkeS&index=5,3
295,60,https://www.youtube.com/watch?v=G2FCfQj-9ig&list=PLU8oAlHdN5BlvPxziopYZRd55pdqFwkeS&index=6,4
296,60,https://www.youtube.com/watch?v=G2FCfQj-9ig&list=PLU8oAlHdN5BlvPxziopYZRd55pdqFwkeS&index=7,1
297,60,https://www.youtube.com/watch?v=G2FCfQj-9ig&list=PLU8oAlHdN5BlvPxziopYZRd55pdqFwkeS&index=8,2
298,60,https://www.youtube.com/watch?v=G2FCfQj-9ig&list=PLU8oAlHdN5BlvPxziopYZRd55pdqFwkeS&index=9,3
299,60,https://www.youtube.com/watch?v=G2FCfQj-9ig&list=PLU8oAlHdN5BlvPxziopYZRd55pdqFwkeS&index=10,4
300,61,https://www.youtube.com/watch?v=G2FCfQj-9ig&list=PLU8oAlHdN5BlvPxziopYZRd55pdqFwkeS&index=1,1
301,61,https://www.youtube.com/watch?v=G2FCfQj-9ig&list=PLU8oAlHdN5BlvPxziopYZRd55pdqFwkeS&index=2,2
302,61,https://www.youtube.com/watch?v=G2FCfQj-9ig&list=PLU8oAlHdN5BlvPxziopYZRd55pdqFwkeS&index=3,3
303,61,https://www.youtube.com/watch?v=G2FCfQj-9ig&list=PLU8oAlHdN5BlvPxziopYZRd55pdqFwkeS&index=4,4
304,61,https://www.youtube.com/watch?v=G2FCfQj-9ig&list=PLU8oAlHdN5BlvPxziopYZRd55pdqFwkeS&index=5,1
305,62,https://www.youtube.com/watch?v=G2FCfQj-9ig&list=PLU8oAlHdN5BlvPxziopYZRd55pdqFwkeS&index=6,2
306,62,https://www.youtube.com/watch?v=G2FCfQj-9ig&list=PLU8oAlHdN5BlvPxziopYZRd55pdqFwkeS&index=7,3
307,62,https://www.youtube.com/watch?v=G2FCfQj-9ig&list=PLU8oAlHdN5BlvPxziopYZRd55pdqFwkeS&index=8,4
308,62,https://www.youtube.com/watch?v=G2FCfQj-9ig&list=PLU8oAlHdN5BlvPxziopYZRd55pdqFwkeS&index=9,1
309,62,https://www.youtube.com/watch?v=G2FCfQj-9ig&list=PLU8oAlHdN5BlvPxziopYZRd55pdqFwkeS&index=10,2
310,63,https://www.youtube.com/watch?v=G2FCfQj-9ig&list=PLU8oAlHdN5BlvPxziopYZRd55pdqFwkeS&index=1,3
311,63,https://www.youtube.com/watch?v=G2FCfQj-9ig&list=PLU8oAlHdN5BlvPxziopYZRd55pdqFwkeS&index=2,4
312,63,https://www.youtube.com/watch?v=G2FCfQj-9ig&list=PLU8oAlHdN5BlvPxziopYZRd55pdqFwkeS&index=3,1
313,63,https://www.youtube.com/watch?v=G2FCfQj-9ig&list=PLU8oAlHdN5BlvPxziopYZRd55pdqFwkeS&index=4,2
314,63,https://www.youtube.com/watch?v=G2FCfQj-9ig&list=PLU8oAlHdN5BlvPxziopYZRd55pdqFwkeS&index=5,3
315,64,https://www.youtube.com/watch?v=G2FCfQj-9ig&list=PLU8oAlHdN5BlvPxziopYZRd55pdqFwkeS&index=6,4
316,64,https://www.youtube.com/watch?v=G2FCfQj-9ig&list=PLU8oAlHdN5BlvPxziopYZRd55pdqFwkeS&index=7,1
317,64,https://www.youtube.com/watch?v=G2FCfQj-9ig&list=PLU8oAlHdN5BlvPxziopYZRd55pdqFwkeS&index=8,2
318,64,https://www.youtube.com/watch?v=G2FCfQj-9ig&list=PLU8oAlHdN5BlvPxziopYZRd55pdqFwkeS&index=9,3
319,64,https://www.youtube.com/watch?v=G2FCfQj-9ig&list=PLU8oAlHdN5BlvPxziopYZRd55pdqFwkeS&index=10,4
320,65,https://www.youtube.com/watch?v=G2FCfQj-9ig&list=PLU8oAlHdN5BlvPxziopYZRd55pdqFwkeS&index=1,1
321,65,https://www.youtube.com/watch?v=G2FCfQj-9ig&list=PLU8oAlHdN5BlvPxziopYZRd55pdqFwkeS&index=2,2
322,65,https://www.youtube.com/watch?v=G2FCfQj-9ig&list=PLU8oAlHdN5BlvPxziopYZRd55pdqFwkeS&index=3,3
323,65,https://www.youtube.com/watch?v=G2FCfQj-9ig&list=PLU8oAlHdN5BlvPxziopYZRd55pdqFwkeS&index=4,4
324,65,https://www.youtube.com/watch?v=G2FCfQj-9ig&list=PLU8oAlHdN5BlvPxziopYZRd55pdqFwkeS&index=5,1
325,66,https://www.youtube.com/watch?v=G2FCfQj-9ig&list=PLU8oAlHdN5BlvPxziopYZRd55pdqFwkeS&index=6,2
326,66,https://www.youtube.com/watch?v=G2FCfQj-9ig&list=PLU8oAlHdN5BlvPxziopYZRd55pdqFwkeS&index=7,3
327,66,https://www.youtube.com/watch?v=G2FCfQj-9ig&list=PLU8oAlHdN5BlvPxziopYZRd55pdqFwkeS&index=8,4
328,66,https://www.youtube.com/watch?v=G2FCfQj-9ig&list=PLU8oAlHdN5BlvPxziopYZRd55pdqFwkeS&index=9,1
329,66,https://www.youtube.com/watch?v=G2FCfQj-9ig&list=PLU8oAlHdN5BlvPxziopYZRd55pdqFwkeS&index=10,2
330,67,https://www.youtube.com/watch?v=G2FCfQj-9ig&list=PLU8oAlHdN5BlvPxziopYZRd55pdqFwkeS&index=1,3
331,67,https://www.youtube.com/watch?v=G2FCfQj-9ig&list=PLU8oAlHdN5BlvPxziopYZRd55pdqFwkeS&index=2,4
332,67,https://www.youtube.com/watch?v=G2FCfQj-9ig&list=PLU8oAlHdN5BlvPxziopYZRd55pdqFwkeS&index=3,1
333,67,https://www.youtube.com/watch?v=G2FCfQj-9ig&list=PLU8oAlHdN5BlvPxziopYZRd55pdqFwkeS&index=4,2
334,67,https://www.youtube.com/watch?v=G2FCfQj-9ig&list=PLU8oAlHdN5BlvPxziopYZRd55pdqFwkeS&index=5,3
335,68,https://www.youtube.com/watch?v=G2FCfQj-9ig&list=PLU8oAlHdN5BlvPxziopYZRd55pdqFwkeS&index=6,4
336,68,https://www.youtube.com/watch?v=G2FCfQj-9ig&list=PLU8oAlHdN5BlvPxziopYZRd55pdqFwkeS&index=7,1
337,68,https://www.youtube.com/watch?v=G2FCfQj-9ig&list=PLU8oAlHdN5BlvPxziopYZRd55pdqFwkeS&index=8,2
338,68,https://www.youtube.com/watch?v=G2FCfQj-9ig&list=PLU8oAlHdN5BlvPxziopYZRd55pdqFwkeS&index=9,3
339,68,https://www.youtube.com/watch?v=G2FCfQj-9ig&list=PLU8oAlHdN5BlvPxziopYZRd55pdqFwkeS&index=10,4
340,69,https://www.youtube.com/watch?v=G2FCfQj-9ig&list=PLU8oAlHdN5BlvPxziopYZRd55pdqFwkeS&index=1,1
341,69,https://www.youtube.com/watch?v=G2FCfQj-9ig&list=PLU8oAlHdN5BlvPxziopYZRd55pdqFwkeS&index=2,2
342,69,https://www.youtube.com/watch?v=G2FCfQj-9ig&list=PLU8oAlHdN5BlvPxziopYZRd55pdqFwkeS&index=3,3
343,69,https://www.youtube.com/watch?v=G2FCfQj-9ig&list=PLU8oAlHdN5BlvPxziopYZRd55pdqFwkeS&index=4,4
344,69,https://www.youtube.com/watch?v=G2FCfQj-9ig&list=PLU8oAlHdN5BlvPxziopYZRd55pdqFwkeS&index=5,1
345,70,https://www.youtube.com/watch?v=G2FCfQj-9ig&list=PLU8oAlHdN5BlvPxziopYZRd55pdqFwkeS&index=6,2
346,70,https://www.youtube.com/watch?v=G2FCfQj-9ig&list=PLU8oAlHdN5BlvPxziopYZRd55pdqFwkeS&index=7,3
347,70,https://www.youtube.com/watch?v=G2FCfQj-9ig&list=PLU8oAlHdN5BlvPxziopYZRd55pdqFwkeS&index=8,4
348,70,https://www.youtube.com/watch?v=G2FCfQj-9ig&list=PLU8oAlHdN5BlvPxziopYZRd55pdqFwkeS&index=9,1
349,70,https://www.youtube.com/watch?v=G2FCfQj-9ig&list=PLU8oAlHdN5BlvPxziopYZRd55pdqFwkeS&index=10,2
350,71,https://www.youtube.com/watch?v=G2FCfQj-9ig&list=PLU8oAlHdN5BlvPxziopYZRd55pdqFwkeS&index=1,3
351,71,https://www.youtube.com/watch?v=G2FCfQj-9ig&list=PLU8oAlHdN5BlvPxziopYZRd55pdqFwkeS&index=2,4
352,71,https://www.youtube.com/watch?v=G2FCfQj-9ig&list=PLU8oAlHdN5BlvPxziopYZRd55pdqFwkeS&index=3,1
353,71,https://www.youtube.com/watch?v=G2FCfQj-9ig&list=PLU8oAlHdN5BlvPxziopYZRd55pdqFwkeS&index=4,2
354,71,https://www.youtube.com/watch?v=G2FCfQj-9ig&list=PLU8oAlHdN5BlvPxziopYZRd55pdqFwkeS&index=5,3
355,72,https://www.youtube.com/watch?v=G2FCfQj-9ig&list=PLU8oAlHdN5BlvPxziopYZRd55pdqFwkeS&index=6,4
356,72,https://www.youtube.com/watch?v=G2FCfQj-9ig&list=PLU8oAlHdN5BlvPxziopYZRd55pdqFwkeS&index=7,1
357,72,https://www.youtube.com/watch?v=G2FCfQj-9ig&list=PLU8oAlHdN5BlvPxziopYZRd55pdqFwkeS&index=8,2
358,72,https://www.youtube.com/watch?v=G2FCfQj-9ig&list=PLU8oAlHdN5BlvPxziopYZRd55pdqFwkeS&index=9,3
359,72,https://www.youtube.com/watch?v=G2FCfQj-9ig&list=PLU8oAlHdN5BlvPxziopYZRd55pdqFwkeS&index=10,4
360,73,https://www.youtube.com/watch?v=G2FCfQj-9ig&list=PLU8oAlHdN5BlvPxziopYZRd55pdqFwkeS&index=1,1
361,73,https://www.youtube.com/watch?v=G2FCfQj-9ig&list=PLU8oAlHdN5BlvPxziopYZRd55pdqFwkeS&index=2,2
362,73,https://www.youtube.com/watch?v=G2FCfQj-9ig&list=PLU8oAlHdN5BlvPxziopYZRd55pdqFwkeS&index=3,3
363,73,https://www.youtube.com/watch?v=G2FCfQj-9ig&list=PLU8oAlHdN5BlvPxziopYZRd55pdqFwkeS&index=4,4
364,73,https://www.youtube.com/watch?v=G2FCfQj-9ig&list=PLU8oAlHdN5BlvPxziopYZRd55pdqFwkeS&index=5,1
365,74,https://www.youtube.com/watch?v=G2FCfQj-9ig&list=PLU8oAlHdN5BlvPxziopYZRd55pdqFwkeS&index=6,2
366,74,https://www.youtube.com/watch?v=G2FCfQj-9ig&list=PLU8oAlHdN5BlvPxziopYZRd55pdqFwkeS&index=7,3
367,74,https://www.youtube.com/watch?v=G2FCfQj-9ig&list=PLU8oAlHdN5BlvPxziopYZRd55pdqFwkeS&index=8,4
368,74,https://www.youtube.com/watch?v=G2FCfQj-9ig&list=PLU8oAlHdN5BlvPxziopYZRd55pdqFwkeS&index=9,1
369,74,https://www.youtube.com/watch?v=G2FCfQj-9ig&list=PLU8oAlHdN5BlvPxziopYZRd55pdqFwkeS&index=10,2
370,75,https://www.youtube.com/watch?v=G2FCfQj-9ig&list=PLU8oAlHdN5BlvPxziopYZRd55pdqFwkeS&index=1,3
371,75,https://www.youtube.com/watch?v=G2FCfQj-9ig&list=PLU8oAlHdN5BlvPxziopYZRd55pdqFwkeS&index=2,4
372,75,https://www.youtube.com/watch?v=G2FCfQj-9ig&list=PLU8oAlHdN5BlvPxziopYZRd55pdqFwkeS&index=3,1
373,75,https://www.youtube.com/watch?v=G2FCfQj-9ig&list=PLU8oAlHdN5BlvPxziopYZRd55pdqFwkeS&index=4,2
374,75,https://www.youtube.com/watch?v=G2FCfQj-9ig&list=PLU8oAlHdN5BlvPxziopYZRd55pdqFwkeS&index=5,3
375,76,https://www.youtube.com/watch?v=G2FCfQj-9ig&list=PLU8oAlHdN5BlvPxziopYZRd55pdqFwkeS&index=6,4
376,76,https://www.youtube.com/watch?v=G2FCfQj-9ig&list=PLU8oAlHdN5BlvPxziopYZRd55pdqFwkeS&index=7,1
377,76,https://www.youtube.com/watch?v=G2FCfQj-9ig&list=PLU8oAlHdN5BlvPxziopYZRd55pdqFwkeS&index=8,2
378,76,https://www.youtube.com/watch?v=G2FCfQj-9ig&list=PLU8oAlHdN5BlvPxziopYZRd55pdqFwkeS&index=9,3
379,76,https://www.youtube.com/watch?v=G2FCfQj-9ig&list=PLU8oAlHdN5BlvPxziopYZRd55pdqFwkeS&index=10,4
380,77,https://www.youtube.com/watch?v=G2FCfQj-9ig&list=PLU8oAlHdN5BlvPxziopYZRd55pdqFwkeS&index=1,1
381,77,https://www.youtube.com/watch?v=G2FCfQj-9ig&list=PLU8oAlHdN5BlvPxziopYZRd55pdqFwkeS&index=2,2
382,77,https://www.youtube.com/watch?v=G2FCfQj-9ig&list=PLU8oAlHdN5BlvPxziopYZRd55pdqFwkeS&index=3,3
383,77,https://www.youtube.com/watch?v=G2FCfQj-9ig&list=PLU8oAlHdN5BlvPxziopYZRd55pdqFwkeS&index=4,4
384,77,https://www.youtube.com/watch?v=G2FCfQj-9ig&list=PLU8oAlHdN5BlvPxziopYZRd55pdqFwkeS&index=5,1
385,78,https://www.youtube.com/watch?v=G2FCfQj-9ig&list=PLU8oAlHdN5BlvPxziopYZRd55pdqFwkeS&index=6,2
386,78,https://www.youtube.com/watch?v=G2FCfQj-9ig&list=PLU8oAlHdN5BlvPxziopYZRd55pdqFwkeS&index=7,3
387,78,https://www.youtube.com/watch?v=G2FCfQj-9ig&list=PLU8oAlHdN5BlvPxziopYZRd55pdqFwkeS&index=8,4
388,78,https://www.youtube.com/watch?v=G2FCfQj-9ig&list=PLU8oAlHdN5BlvPxziopYZRd55pdqFwkeS&index=9,1
389,78,https://www.youtube.com/watch?v=G2FCfQj-9ig&list=PLU8oAlHdN5BlvPxziopYZRd55pdqFwkeS&index=10,2
390,79,https://www.youtube.com/watch?v=G2FCfQj-9ig&list=PLU8oAlHdN5BlvPxziopYZRd55pdqFwkeS&index=1,3
391,79,https://www.youtube.com/watch?v=G2FCfQj-9ig&list=PLU8oAlHdN5BlvPxziopYZRd55pdqFwkeS&index=2,4
392,79,https://www.youtube.com/watch?v=G2FCfQj-9ig&list=PLU8oAlHdN5BlvPxziopYZRd55pdqFwkeS&index=3,1
393,79,https://www.youtube.com/watch?v=G2FCfQj-9ig&list=PLU8oAlHdN5BlvPxziopYZRd55pdqFwkeS&index=4,2
394,79,https://www.youtube.com/watch?v=G2FCfQj-9ig&list=PLU8oAlHdN5BlvPxziopYZRd55pdqFwkeS&index=5,3
395,80,https://www.youtube.com/watch?v=G2FCfQj-9ig&list=PLU8oAlHdN5BlvPxziopYZRd55pdqFwkeS&index=6,4
396,80,https://www.youtube.com/watch?v=G2FCfQj-9ig&list=PLU8oAlHdN5BlvPxziopYZRd55pdqFwkeS&index=7,1
397,80,https://www.youtube.com/watch?v=G2FCfQj-9ig&list=PLU8oAlHdN5BlvPxziopYZRd55pdqFwkeS&index=8,2
398,80,https://www.youtube.com/watch?v=G2FCfQj-9ig&list=PLU8oAlHdN5BlvPxziopYZRd55pdqFwkeS&index=9,3
399,80,https://www.youtube.com/watch?v=G2FCfQj-9ig&list=PLU8oAlHdN5BlvPxziopYZRd55pdqFwkeS&index=10,4
400,81,https://www.youtube.com/watch?v=G2FCfQj-9ig&list=PLU8oAlHdN5BlvPxziopYZRd55pdqFwkeS&index=1,1
401,81,https://www.youtube.com/watch?v=G2FCfQj-9ig&list=PLU8oAlHdN5BlvPxziopYZRd55pdqFwkeS&index=2,2
402,81,https://www.youtube.com/watch?v=G2FCfQj-9ig&list=PLU8oAlHdN5BlvPxziopYZRd55pdqFwkeS&index=3,3
403,81,https://www.youtube.com/watch?v=G2FCfQj-9ig&list=PLU8oAlHdN5BlvPxziopYZRd55pdqFwkeS&index=4,4
404,81,https://www.youtube.com/watch?v=G2FCfQj-9ig&list=PLU8oAlHdN5BlvPxziopYZRd55pdqFwkeS&index=5,1
405,82,https://www.youtube.com/watch?v=G2FCfQj-9ig&list=PLU8oAlHdN5BlvPxziopYZRd55pdqFwkeS&index=6,2
406,82,https://www.youtube.com/watch?v=G2FCfQj-9ig&list=PLU8oAlHdN5BlvPxziopYZRd55pdqFwkeS&index=7,3
407,82,https://www.youtube.com/watch?v=G2FCfQj-9ig&list=PLU8oAlHdN5BlvPxziopYZRd55pdqFwkeS&index=8,4
408,82,https://www.youtube.com/watch?v=G2FCfQj-9ig&list=PLU8oAlHdN5BlvPxziopYZRd55pdqFwkeS&index=9,1
409,82,https://www.youtube.com/watch?v=G2FCfQj-9ig&list=PLU8oAlHdN5BlvPxziopYZRd55pdqFwkeS&index=10,2
410,83,https://www.youtube.com/watch?v=G2FCfQj-9ig&list=PLU8oAlHdN5BlvPxziopYZRd55pdqFwkeS&index=1,3
411,83,https://www.youtube.com/watch?v=G2FCfQj-9ig&list=PLU8oAlHdN5BlvPxziopYZRd55pdqFwkeS&index=2,4
412,83,https://www.youtube.com/watch?v=G2FCfQj-9ig&list=PLU8oAlHdN5BlvPxziopYZRd55pdqFwkeS&index=3,1
413,83,https://www.youtube.com/watch?v=G2FCfQj-9ig&list=PLU8oAlHdN5BlvPxziopYZRd55pdqFwkeS&index=4,2
414,83,https://www.youtube.com/watch?v=G2FCfQj-9ig&list=PLU8oAlHdN5BlvPxziopYZRd55pdqFwkeS&index=5,3
415,84,https://www.youtube.com/watch?v=G2FCfQj-9ig&list=PLU8oAlHdN5BlvPxziopYZRd55pdqFwkeS&index=6,4
416,84,https://www.youtube.com/watch?v=G2FCfQj-9ig&list=PLU8oAlHdN5BlvPxziopYZRd55pdqFwkeS&index=7,1
417,84,https://www.youtube.com/watch?v=G2FCfQj-9ig&list=PLU8oAlHdN5BlvPxziopYZRd55pdqFwkeS&index=8,2
418,84,https://www.youtube.com/watch?v=G2FCfQj-9ig&list=PLU8oAlHdN5BlvPxziopYZRd55pdqFwkeS&index=9,3
419,84,https://www.youtube.com/watch?v=G2FCfQj-9ig&list=PLU8oAlHdN5BlvPxziopYZRd55pdqFwkeS&index=10,4
420,85,https://www.youtube.com/watch?v=G2FCfQj-9ig&list=PLU8oAlHdN5BlvPxziopYZRd55pdqFwkeS&index=1,1
421,85,https://www.youtube.com/watch?v=G2FCfQj-9ig&list=PLU8oAlHdN5BlvPxziopYZRd55pdqFwkeS&index=2,2
422,85,https://www.youtube.com/watch?v=G2FCfQj-9ig&list=PLU8oAlHdN5BlvPxziopYZRd55pdqFwkeS&index=3,3
423,85,https://www.youtube.com/watch?v=G2FCfQj-9ig&list=PLU8oAlHdN5BlvPxziopYZRd55pdqFwkeS&index=4,4
424,85,https://www.youtube.com/watch?v=G2FCfQj-9ig&list=PLU8oAlHdN5BlvPxziopYZRd55pdqFwkeS&index=5,1
425,86,https://www.youtube.com/watch?v=G2FCfQj-9ig&list=PLU8oAlHdN5BlvPxziopYZRd55pdqFwkeS&index=6,2
426,86,https://www.youtube.com/watch?v=G2FCfQj-9ig&list=PLU8oAlHdN5BlvPxziopYZRd55pdqFwkeS&index=7,3
427,86,https://www.youtube.com/watch?v=G2FCfQj-9ig&list=PLU8oAlHdN5BlvPxziopYZRd55pdqFwkeS&index=8,4
428,86,https://www.youtube.com/watch?v=G2FCfQj-9ig&list=PLU8oAlHdN5BlvPxziopYZRd55pdqFwkeS&index=9,1
429,86,https://www.youtube.com/watch?v=G2FCfQj-9ig&list=PLU8oAlHdN5BlvPxziopYZRd55pdqFwkeS&index=10,2
430,87,https://www.youtube.com/watch?v=G2FCfQj-9ig&list=PLU8oAlHdN5BlvPxziopYZRd55pdqFwkeS&index=1,3
431,87,https://www.youtube.com/watch?v=G2FCfQj-9ig&list=PLU8oAlHdN5BlvPxziopYZRd55pdqFwkeS&index=2,4
432,87,https://www.youtube.com/watch?v=G2FCfQj-9ig&list=PLU8oAlHdN5BlvPxziopYZRd55pdqFwkeS&index=3,1
433,87,https://www.youtube.com/watch?v=G2FCfQj-9ig&list=PLU8oAlHdN5BlvPxziopYZRd55pdqFwkeS&index=4,2
434,87,https://www.youtube.com/watch?v=G2FCfQj-9ig&list=PLU8oAlHdN5BlvPxziopYZRd55pdqFwkeS&index=5,3
435,88,https://www.youtube.com/watch?v=G2FCfQj-9ig&list=PLU8oAlHdN5BlvPxziopYZRd55pdqFwkeS&index=6,4
436,88,https://www.youtube.com/watch?v=G2FCfQj-9ig&list=PLU8oAlHdN5BlvPxziopYZRd55pdqFwkeS&index=7,1
437,88,https://www.youtube.com/watch?v=G2FCfQj-9ig&list=PLU8oAlHdN5BlvPxziopYZRd55pdqFwkeS&index=8,2
438,88,https://www.youtube.com/watch?v=G2FCfQj-9ig&list=PLU8oAlHdN5BlvPxziopYZRd55pdqFwkeS&index=9,3
439,88,https://www.youtube.com/watch?v=G2FCfQj-9ig&list=PLU8oAlHdN5BlvPxziopYZRd55pdqFwkeS&index=10,4
440,89,https://www.youtube.com/watch?v=G2FCfQj-9ig&list=PLU8oAlHdN5BlvPxziopYZRd55pdqFwkeS&index=1,1
441,89,https://www.youtube.com/watch?v=G2FCfQj-9ig&list=PLU8oAlHdN5BlvPxziopYZRd55pdqFwkeS&index=2,2
442,89,https://www.youtube.com/watch?v=G2FCfQj-9ig&list=PLU8oAlHdN5BlvPxziopYZRd55pdqFwkeS&index=3,3
443,89,https://www.youtube.com/watch?v=G2FCfQj-9ig&list=PLU8oAlHdN5BlvPxziopYZRd55pdqFwkeS&index=4,4
444,89,https://www.youtube.com/watch?v=G2FCfQj-9ig&list=PLU8oAlHdN5BlvPxziopYZRd55pdqFwkeS&index=5,1
445,90,https://www.youtube.com/watch?v=G2FCfQj-9ig&list=PLU8oAlHdN5BlvPxziopYZRd55pdqFwkeS&index=6,2
446,90,https://www.youtube.com/watch?v=G2FCfQj-9ig&list=PLU8oAlHdN5BlvPxziopYZRd55pdqFwkeS&index=7,3
447,90,https://www.youtube.com/watch?v=G2FCfQj-9ig&list=PLU8oAlHdN5BlvPxziopYZRd55pdqFwkeS&index=8,4
448,90,https://www.youtube.com/watch?v=G2FCfQj-9ig&list=PLU8oAlHdN5BlvPxziopYZRd55pdqFwkeS&index=9,1
449,90,https://www.youtube.com/watch?v=G2FCfQj-9ig&list=PLU8oAlHdN5BlvPxziopYZRd55pdqFwkeS&index=10,2
450,91,https://www.youtube.com/watch?v=G2FCfQj-9ig&list=PLU8oAlHdN5BlvPxziopYZRd55pdqFwkeS&index=1,3
451,91,https://www.youtube.com/watch?v=G2FCfQj-9ig&list=PLU8oAlHdN5BlvPxziopYZRd55pdqFwkeS&index=2,4
452,91,https://www.youtube.com/watch?v=G2FCfQj-9ig&list=PLU8oAlHdN5BlvPxziopYZRd55pdqFwkeS&index=3,1
453,91,https://www.youtube.com/watch?v=G2FCfQj-9ig&list=PLU8oAlHdN5BlvPxziopYZRd55pdqFwkeS&index=4,2
454,91,https://www.youtube.com/watch?v=G2FCfQj-9ig&list=PLU8oAlHdN5BlvPxziopYZRd55pdqFwkeS&index=5,3
455,92,https://www.youtube.com/watch?v=G2FCfQj-9ig&list=PLU8oAlHdN5BlvPxziopYZRd55pdqFwkeS&index=6,4
456,92,https://www.youtube.com/watch?v=G2FCfQj-9ig&list=PLU8oAlHdN5BlvPxziopYZRd55pdqFwkeS&index=7,1
457,92,https://www.youtube.com/watch?v=G2FCfQj-9ig&list=PLU8oAlHdN5BlvPxziopYZRd55pdqFwkeS&index=8,2
458,92,https://www.youtube.com/watch?v=G2FCfQj-9ig&list=PLU8oAlHdN5BlvPxziopYZRd55pdqFwkeS&index=9,3
459,92,https://www.youtube.com/watch?v=G2FCfQj-9ig&list=PLU8oAlHdN5BlvPxziopYZRd55pdqFwkeS&index=10,4
460,93,https://www.youtube.com/watch?v=G2FCfQj-9ig&list=PLU8oAlHdN5BlvPxziopYZRd55pdqFwkeS&index=1,1
461,93,https://www.youtube.com/watch?v=G2FCfQj-9ig&list=PLU8oAlHdN5BlvPxziopYZRd55pdqFwkeS&index=2,2
462,93,https://www.youtube.com/watch?v=G2FCfQj-9ig&list=PLU8oAlHdN5BlvPxziopYZRd55pdqFwkeS&index=3,3
463,93,https://www.youtube.com/watch?v=G2FCfQj-9ig&list=PLU8oAlHdN5BlvPxziopYZRd55pdqFwkeS&index=4,4
464,93,https://www.youtube.com/watch?v=G2FCfQj-9ig&list=PLU8oAlHdN5BlvPxziopYZRd55pdqFwkeS&index=5,1
465,94,https://www.youtube.com/watch?v=G2FCfQj-9ig&list=PLU8oAlHdN5BlvPxziopYZRd55pdqFwkeS&index=6,2
466,94,https://www.youtube.com/watch?v=G2FCfQj-9ig&list=PLU8oAlHdN5BlvPxziopYZRd55pdqFwkeS&index=7,3
467,94,https://www.youtube.com/watch?v=G2FCfQj-9ig&list=PLU8oAlHdN5BlvPxziopYZRd55pdqFwkeS&index=8,4
468,94,https://www.youtube.com/watch?v=G2FCfQj-9ig&list=PLU8oAlHdN5BlvPxziopYZRd55pdqFwkeS&index=9,1
469,94,https://www.youtube.com/watch?v=G2FCfQj-9ig&list=PLU8oAlHdN5BlvPxziopYZRd55pdqFwkeS&index=10,2
470,95,https://www.youtube.com/watch?v=G2FCfQj-9ig&list=PLU8oAlHdN5BlvPxziopYZRd55pdqFwkeS&index=1,3
471,95,https://www.youtube.com/watch?v=G2FCfQj-9ig&list=PLU8oAlHdN5BlvPxziopYZRd55pdqFwkeS&index=2,4
472,95,https://www.youtube.com/watch?v=G2FCfQj-9ig&list=PLU8oAlHdN5BlvPxziopYZRd55pdqFwkeS&index=3,1
473,95,https://www.youtube.com/watch?v=G2FCfQj-9ig&list=PLU8oAlHdN5BlvPxziopYZRd55pdqFwkeS&index=4,2
474,95,https://www.youtube.com/watch?v=G2FCfQj-9ig&list=PLU8oAlHdN5BlvPxziopYZRd55pdqFwkeS&index=5,3
475,96,https://www.youtube.com/watch?v=G2FCfQj-9ig&list=PLU8oAlHdN5BlvPxziopYZRd55pdqFwkeS&index=6,4
476,96,https://www.youtube.com/watch?v=G2FCfQj-9ig&list=PLU8oAlHdN5BlvPxziopYZRd55pdqFwkeS&index=7,1
477,96,https://www.youtube.com/watch?v=G2FCfQj-9ig&list=PLU8oAlHdN5BlvPxziopYZRd55pdqFwkeS&index=8,2
478,96,https://www.youtube.com/watch?v=G2FCfQj-9ig&list=PLU8oAlHdN5BlvPxziopYZRd55pdqFwkeS&index=9,3
479,96,https://www.youtube.com/watch?v=G2FCfQj-9ig&list=PLU8oAlHdN5BlvPxziopYZRd55pdqFwkeS&index=10,4
480,97,https://www.youtube.com/watch?v=G2FCfQj-9ig&list=PLU8oAlHdN5BlvPxziopYZRd55pdqFwkeS&index=1,1
481,97,https://www.youtube.com/watch?v=G2FCfQj-9ig&list=PLU8oAlHdN5BlvPxziopYZRd55pdqFwkeS&index=2,2
482,97,https://www.youtube.com/watch?v=G2FCfQj-9ig&list=PLU8oAlHdN5BlvPxziopYZRd55pdqFwkeS&index=3,3
483,97,https://www.youtube.com/watch?v=G2FCfQj-9ig&list=PLU8oAlHdN5BlvPxziopYZRd55pdqFwkeS&index=4,4
484,97,https://www.youtube.com/watch?v=G2FCfQj-9ig&list=PLU8oAlHdN5BlvPxziopYZRd55pdqFwkeS&index=5,1
485,98,https://www.youtube.com/watch?v=G2FCfQj-9ig&list=PLU8oAlHdN5BlvPxziopYZRd55pdqFwkeS&index=6,2
486,98,https://www.youtube.com/watch?v=G2FCfQj-9ig&list=PLU8oAlHdN5BlvPxziopYZRd55pdqFwkeS&index=7,3
487,98,https://www.youtube.com/watch?v=G2FCfQj-9ig&list=PLU8oAlHdN5BlvPxziopYZRd55pdqFwkeS&index=8,4
488,98,https://www.youtube.com/watch?v=G2FCfQj-9ig&list=PLU8oAlHdN5BlvPxziopYZRd55pdqFwkeS&index=9,1
489,98,https://www.youtube.com/watch?v=G2FCfQj-9ig&list=PLU8oAlHdN5BlvPxziopYZRd55pdqFwkeS&index=10,2
490,99,https://www.youtube.com/watch?v=G2FCfQj-9ig&list=PLU8oAlHdN5BlvPxziopYZRd55pdqFwkeS&index=1,3
491,99,https://www.youtube.com/watch?v=G2FCfQj-9ig&list=PLU8oAlHdN5BlvPxziopYZRd55pdqFwkeS&index=2,4
492,99,https://www.youtube.com/watch?v=G2FCfQj-9ig&list=PLU8oAlHdN5BlvPxziopYZRd55pdqFwkeS&index=3,1
493,99,https://www.youtube.com/watch?v=G2FCfQj-9ig&list=PLU8oAlHdN5BlvPxziopYZRd55pdqFwkeS&index=4,2
494,99,https://www.youtube.com/watch?v=G2FCfQj-9ig&list=PLU8oAlHdN5BlvPxziopYZRd55pdqFwkeS&index=5,3
495,100,https://www.youtube.com/watch?v=G2FCfQj-9ig&list=PLU8oAlHdN5BlvPxziopYZRd55pdqFwkeS&index=6,4
496,100,https://www.youtube.com/watch?v=G2FCfQj-9ig&list=PLU8oAlHdN5BlvPxziopYZRd55pdqFwkeS&index=7,1
497,100,https://www.youtube.com/watch?v=G2FCfQj-9ig&list=PLU8oAlHdN5BlvPxziopYZRd55pdqFwkeS&index=8,2
498,100,https://www.youtube.com/watch?v=G2FCfQj-9ig&list=PLU8oAlHdN5BlvPxziopYZRd55pdqFwkeS&index=9,3
499,100,https://www.youtube.com/watch?v=G2FCfQj-9ig&list=PLU8oAlHdN5BlvPxziopYZRd55pdqFwkeS&index=10,4
